{
  "language": "R",
  "average_sentiment": 0.19276000000000001,
  "median_sentiment": 0.3698,
  "std_deviation": 0.647210569655413,
  "positive_component": 0.0876,
  "negative_component": 0.05954999999999999,
  "neutral_component": 0.8528500000000001,
  "post_count": 20,
  "sentiment_distribution": {
    "very_positive": 9,
    "positive": 3,
    "neutral": 1,
    "negative": 3,
    "very_negative": 4
  }
}